firstName,lastName,gender,dateOfBirth,companyName,email,policyNumber,employeeNumber
Misty,Byrom,Female,2/1/2000,Figma,mbyrom0@nba.com,P121,E221
Bab,Littleproud,Female,2/2/2000,Figma,blittleproud1@army.mil,P122,E222
Gabriell,Jochanany,Female,2/3/2000,Figma,gjochanany2@chron.com,P123,E223
Brit,Grisdale,Male,2/4/2000,Figma,bgrisdale3@cisco.com,P124,E224
Elvira,Pigdon,Female,2/5/2000,Figma,epigdon4@ed.gov,P125,E225
Nettle,Oyley,Female,2/6/2000,Figma,noyley5@dot.gov,P126,E226
Stormy,Hagley,Female,2/7/2000,Figma,shagley6@ucoz.com,P127,E227
Brittaney,Skrines,Female,2/8/2000,West Jet,bskrines7@auda.org.au,P128,E228
Adela,Goghin,Agender,2/9/2000,West Jet,agoghin8@youtube.com,P129,E229
Sisely,Patkin,Female,2/10/2000,West Jet,spatkin9@cisco.com,P130,E230